"0","t <- 1:nrow(data)"
"0","write.csv(data.frame(t = t), ""t.csv"", row.names = FALSE, col.names = FALSE, sep = "","")"
"2","Warning: attempt to set 'col.names' ignored"
"2","Warning: attempt to set 'sep' ignored"
"0","# Extract numeric input variables and ensure they are properly typed"
"0","x <- data[, c(""x1"", ""x3"", ""x4"", ""x5"")]"
"0","x <- as.data.frame(lapply(x, as.numeric))  # Ensures all columns are numeric"
"0","write.table(x, ""x.csv"", row.names = FALSE, col.names = FALSE, sep = "","")"
"0",""
"0","# Extract the output variable (x2) and ensure it's numeric"
"0","y <- as.numeric(data[, ""x2""])"
"0","write.table(data.frame(y), ""y.csv"", row.names = FALSE, col.names = FALSE, sep = "","")"
"0",""
"0","# Create time index and save without column name"
"0","t <- 1:nrow(data)"
"0","write.table(data.frame(t), ""t.csv"", row.names = FALSE, col.names = FALSE, sep = "","")"
"0",""
